{
  "project_info": {
    "project_number": "490132080035",
    "project_id": "electroduo-42d91",
    "storage_bucket": "electroduo-42d91.firebasestorage.app"
  },
  "client": [
    {
      "client_info": {
        "mobilesdk_app_id": "1:490132080035:android:a4e6e45c284aaedae74616",
        "android_client_info": {
          "package_name": "com.example.electroduo"
        }
      },
      "oauth_client": [],
      "api_key": [
        {
          "current_key": "AIzaSyDa1FNP9Co7tmQHojyLJpcSXcXu9TePick"
        }
      ],
      "services": {
        "appinvite_service": {
          "other_platform_oauth_client": []
        }
      }
    }
  ],
  "configuration_version": "1"
}